email,name,password,createdAt,updatedAt
amit.sharma@example.com,Amit Sharma,$2b$10$7s8d9f0g1h2j3k4l5m6n7o,2025-01-01T08:00:00Z,2025-01-01T08:00:00Z
sneha.patel@example.com,Sneha Patel,$2b$10$8d9f0g1h2j3k4l5m6n7o8p,2025-01-02T09:15:00Z,2025-01-02T09:15:00Z
rahul.verma@example.com,Rahul Verma,$2b$10$9f0g1h2j3k4l5m6n7o8p9q,2025-01-03T10:30:00Z,2025-01-03T10:30:00Z
priya.nair@example.com,Priya Nair,$2b$10$0g1h2j3k4l5m6n7o8p9q0r,2025-01-04T11:45:00Z,2025-01-04T11:45:00Z
vikas.singh@example.com,Vikas Singh,$2b$10$1h2j3k4l5m6n7o8p9q0r1s,2025-01-05T12:00:00Z,2025-01-05T12:00:00Z
anita.menon@example.com,Anita Menon,$2b$10$2j3k4l5m6n7o8p9q0r1s2t,2025-01-06T13:15:00Z,2025-01-06T13:15:00Z
rohit.kumar@example.com,Rohit Kumar,$2b$10$3k4l5m6n7o8p9q0r1s2t3u,2025-01-07T14:30:00Z,2025-01-07T14:30:00Z
deepa.iyer@example.com,Deepa Iyer,$2b$10$4l5m6n7o8p9q0r1s2t3u4v,2025-01-08T15:45:00Z,2025-01-08T15:45:00Z
arjun.reddy@example.com,Arjun Reddy,$2b$10$5m6n7o8p9q0r1s2t3u4v5w,2025-01-09T16:00:00Z,2025-01-09T16:00:00Z
meera.das@example.com,Meera Das,$2b$10$6n7o8p9q0r1s2t3u4v5w6x,2025-01-10T17:15:00Z,2025-01-10T17:15:00Z
ajay.kapoor@example.com,Ajay Kapoor,$2b$10$7o8p9q0r1s2t3u4v5w6x7y,2025-01-11T18:30:00Z,2025-01-11T18:30:00Z
kavita.singh@example.com,Kavita Singh,$2b$10$8p9q0r1s2t3u4v5w6x7y8z,2025-01-12T19:45:00Z,2025-01-12T19:45:00Z
manish.jain@example.com,Manish Jain,$2b$10$9q0r1s2t3u4v5w6x7y8z9a,2025-01-13T20:00:00Z,2025-01-13T20:00:00Z
ritu.kohli@example.com,Ritu Kohli,$2b$10$0r1s2t3u4v5w6x7y8z9a0b,2025-01-14T21:15:00Z,2025-01-14T21:15:00Z
suresh.naidu@example.com,Suresh Naidu,$2b$10$1s2t3u4v5w6x7y8z9a0b1c,2025-01-15T22:30:00Z,2025-01-15T22:30:00Z
neha.gupta@example.com,Neha Gupta,$2b$10$2t3u4v5w6x7y8z9a0b1c2d,2025-01-16T23:45:00Z,2025-01-16T23:45:00Z
amitabh.bose@example.com,Amitabh Bose,$2b$10$3u4v5w6x7y8z9a0b1c2d3e,2025-01-17T08:00:00Z,2025-01-17T08:00:00Z
sara.khan@example.com,Sara Khan,$2b$10$4v5w6x7y8z9a0b1c2d3e4f,2025-01-18T09:15:00Z,2025-01-18T09:15:00Z
ravi.shah@example.com,Ravi Shah,$2b$10$5w6x7y8z9a0b1c2d3e4f5g,2025-01-19T10:30:00Z,2025-01-19T10:30:00Z
pooja.malhotra@example.com,Pooja Malhotra,$2b$10$6x7y8z9a0b1c2d3e4f5g6h,2025-01-20T11:45:00Z,2025-01-20T11:45:00Z
ankit.agarwal@example.com,Ankit Agarwal,$2b$10$7y8z9a0b1c2d3e4f5g6h7i,2025-01-21T12:00:00Z,2025-01-21T12:00:00Z

